duration,protocol_type,service,flag,src_bytes,dst_bytes,land,wrong_fragment,urgent,hot,num_failed_logins,logged_in,num_compromised,count,srv_count,serror_rate,rerror_rate,label
4.976535769151931,tcp,dns,SF,551,1084,0,0,0,0,0,0,0,6,9,0.00569738503927304,0.0022838990426958428,normal
0.7010875817526836,tcp,http,SF,406,1147,0,0,0,0,0,1,0,1,1,0.0019441519665132168,0.006619377603025825,normal
0.40321903683564,udp,http,SF,598,1037,0,0,0,0,0,1,0,4,5,0.005678874811698942,0.0020948694659134225,normal
1.5117505725453526,udp,http,SF,363,726,0,0,0,0,0,1,0,1,5,0.00992194425591314,0.0021077756160014327,normal
0.35045802432724027,tcp,dns,REJ,3377,166,0,0,0,20,8,0,0,127,415,0.9353545004550443,0.9777529244962264,attack
11.795964985972706,tcp,smtp,S0,2165,88,0,0,0,0,6,0,1,388,467,0.6184083295005534,0.9322736247073615,attack
0.4111332570099208,udp,http,SF,584,654,0,0,0,0,0,1,0,9,8,0.005525944967159056,0.0008968384186729317,normal
2.8582998564115556,udp,dns,REJ,5631,68,0,0,0,0,7,0,0,269,339,0.6799566199193232,0.6365042296474044,attack
0.875062458901179,tcp,smtp,SF,569,984,0,0,0,0,0,1,0,4,1,0.007014587767851763,0.004825301896553182,normal
2.358172814119786,udp,smtp,SH,6283,129,0,0,0,0,2,0,0,400,330,0.5358435286582766,0.5772147369044677,attack
5.105002972037576,icmp,http,REJ,3407,119,0,3,2,0,3,0,0,154,186,0.7983088141287709,0.7952767466379116,attack
7.982671321698786,tcp,http,S0,4983,112,0,3,0,0,0,0,0,204,471,0.638878935397567,0.945669621840238,attack
1.6059777973754967,tcp,http,SF,418,759,0,0,0,0,0,0,0,6,6,0.006976496107794421,0.007455255650310071,normal
0.359900202029534,tcp,dns,SF,516,1253,0,0,0,0,0,0,0,2,8,0.009852396691889895,0.008861820475327926,normal
0.395164327784714,tcp,http,SF,617,1464,0,0,0,0,0,1,0,1,7,0.00020412687898630155,0.006832466680177332,normal
0.48296770824819224,udp,http,SF,494,623,0,0,0,0,0,1,0,7,1,0.005708902076844854,0.007427396010360964,normal
1.2209730671400054,tcp,http,SF,409,670,0,0,0,0,0,1,0,5,6,0.008836544989966074,0.005543108854737181,normal
4.015466832571681,udp,dns,SF,428,674,0,0,0,0,0,1,0,6,4,0.004966037971628264,0.009792084744826799,normal
0.6998626035906127,tcp,smtp,SF,467,1028,0,0,0,0,0,1,0,2,7,0.004313729588708367,0.00017898624705433352,normal
4.731880088724276,udp,http,SF,540,1109,0,0,0,0,0,1,0,3,5,0.007228139478670101,0.0026901607420404382,normal
0.08325718252262199,tcp,http,SF,406,987,0,0,0,0,0,1,0,4,7,0.0038894373197475795,0.002636384848951768,normal
0.4531598472010606,udp,smtp,SF,333,993,0,0,0,0,0,1,0,8,2,0.009699179526510735,0.00654474024406758,normal
0.6178372828255744,tcp,smtp,SF,620,1099,0,0,0,0,0,0,0,6,9,0.001480559841128859,0.0063908108524728755,normal
3.4783853228032333,tcp,smtp,SF,250,1143,0,0,0,0,0,0,0,8,8,0.0024470208269787574,0.008752241209093858,normal
3.4339761571657244,udp,smtp,SF,484,902,0,0,0,0,0,1,0,2,6,8.669093575647046e-05,0.007875319673031383,normal
3.571947677511034,udp,dns,SF,477,1309,0,0,0,0,0,1,0,5,8,0.0063437490699691694,0.005051221056561299,normal
4.66966213705038,icmp,ftp,REJ,9191,105,0,0,0,1,1,0,0,149,129,0.5921189028306213,0.9930657197904513,attack
1.2282879909690139,udp,smtp,SF,420,985,0,0,0,0,0,1,0,5,4,0.007257054724145862,0.008485970629671439,normal
3.464677107301761,icmp,ftp,RSTO,4974,198,0,0,0,0,2,0,0,410,448,0.5545399822295551,0.7394302112057718,attack
1.5065214823594162,udp,http,SF,351,855,0,0,0,0,0,1,0,5,4,0.008786967645105318,0.002586092397521603,normal
8.343582426377628,tcp,http,REJ,3579,86,0,0,0,20,7,1,0,130,199,0.994809233039103,0.860880915667976,attack
1.7743165637312361,tcp,smtp,SF,462,1115,0,0,0,0,0,0,0,6,6,0.005770267277345538,0.002238296902753627,normal
0.33249152287137607,tcp,smtp,SF,524,815,0,0,0,0,0,1,0,7,2,0.009504463110405264,0.002609475141063592,normal
2.7036272017777643,udp,http,SF,382,922,0,0,0,0,0,1,0,4,7,0.004042587990218578,0.0029402019753356425,normal
2.7862374500376856,tcp,http,RSTO,2954,119,0,0,0,5,2,0,0,165,273,0.8241444986631665,0.9166159673917955,attack
3.9756397863537387,udp,dns,SF,428,675,0,0,0,0,0,1,0,9,3,0.0036587067964439857,0.0009112226303360938,normal
18.486208761699633,tcp,ssh,S0,5368,98,0,0,0,1,11,0,0,167,288,0.869969836394682,0.5887277617912525,attack
3.820330388463145,udp,ftp,REJ,7016,162,0,0,0,0,1,0,0,400,342,0.6709333602858486,0.6386044129471433,attack
2.572900403454989,icmp,ftp,RSTO,6647,79,0,0,0,0,0,0,0,430,260,0.5166618164601131,0.7948783946186874,attack
1.0550265738114049,tcp,smtp,SF,487,874,0,0,0,0,0,1,0,2,4,0.0028670908123327355,0.005158690471274603,normal
14.524620013754447,icmp,smtp,S0,10765,2,0,0,0,0,1,0,0,167,119,0.723351222559464,0.5611099026526047,attack
2.1472358596452077,tcp,http,SF,239,1103,0,0,0,0,0,1,0,1,6,0.0033084264756734496,0.0001516701915252261,normal
1.6151131659197642,tcp,smtp,SF,632,1052,0,0,0,0,0,1,0,2,3,0.0024136538647290206,0.0035764925012323114,normal
1.1391890023133058,udp,smtp,SH,6353,142,0,0,0,0,3,1,0,323,132,0.5231331905100203,0.5151372678559449,attack
3.9229157731711384,tcp,dns,SF,469,910,0,0,0,0,0,0,0,2,1,0.00349509207002877,0.0035394643947584325,normal
4.0347276105892185,udp,ssh,REJ,4289,187,0,0,0,0,1,0,1,459,404,0.8417981456345434,0.58348074134259,attack
0.1573322088637332,tcp,smtp,SF,681,1299,0,0,0,0,0,1,0,1,1,0.004853752047637193,0.003203021478876067,normal
1.8362947512059682,udp,http,SF,407,1090,0,0,0,0,0,1,0,7,9,0.0006338491868198004,0.0009996003412919164,normal
0.3229354442271246,tcp,http,SF,369,934,0,0,0,0,0,1,0,1,5,0.004833021121620945,0.006435555925219378,normal
0.5236729795395775,tcp,dns,SF,587,857,0,0,0,0,0,1,0,9,5,0.0003574980738438727,0.00010466158889443466,normal
3.2142641469941706,tcp,http,SF,708,860,0,0,0,0,0,0,0,4,9,0.0017146606325994663,0.001125650101353266,normal
13.82207723933047,tcp,http,S0,2590,168,0,0,0,0,2,1,0,133,485,0.8581243025424781,0.636847812633752,attack
1.232643805533756,tcp,http,SF,638,828,0,0,0,0,0,1,0,4,1,0.005319632622666345,0.009771638873900623,normal
7.286814950233698,tcp,ssh,S0,4661,95,0,0,0,0,0,0,0,333,270,0.6749069708468639,0.5324674169290929,attack
1.252805058383832,tcp,smtp,SF,448,1452,0,0,0,0,0,1,0,2,8,0.00019147376509191073,0.003737756247359032,normal
3.2290361490404225,udp,ftp,REJ,5665,110,0,0,0,0,0,0,0,226,140,0.526657281824141,0.9219998880384611,attack
0.5541817380497476,udp,smtp,SF,516,728,0,0,0,0,0,1,0,4,3,0.0025844995661728908,0.00378215339991659,normal
18.758528650296377,tcp,dns,REJ,3747,112,0,0,0,0,8,0,0,188,332,0.8935895643429184,0.7056001286749455,attack
2.6083198867300936,icmp,ssh,S0,6958,95,0,0,0,0,0,0,0,266,109,0.7601402514302594,0.6442492421941874,attack
0.980690296966231,tcp,smtp,SF,462,763,0,0,0,0,0,1,0,3,9,0.009472376729296364,0.006106821205572625,normal
0.20858155098496825,tcp,http,SF,533,1067,0,0,0,0,0,0,0,9,7,0.00577679975860003,0.008265801095068345,normal
0.10989910598767985,tcp,http,SF,335,984,0,0,0,0,0,0,0,8,5,0.00290185367731015,0.0010088484541083775,normal
0.32028701111221614,tcp,smtp,SF,434,853,0,0,0,0,0,1,0,1,8,0.0020165640241746365,0.009391022207544831,normal
2.521455138893411,tcp,smtp,SF,389,1082,0,0,0,0,0,1,0,3,8,0.006917734152521541,0.00782721424349969,normal
7.088807636356074,udp,dns,SH,5374,130,0,0,1,1,3,0,0,466,314,0.5732957597748624,0.8719879570283253,attack
1.9259484478359088,tcp,http,SF,537,1102,0,0,0,0,0,1,0,2,6,0.0012572374976700684,0.009249305115157659,normal
0.18444085013965145,udp,smtp,SF,322,910,0,0,0,0,0,1,0,1,5,0.005152070479303892,0.008458564182456142,normal
3.469075712093807,tcp,smtp,SF,680,1170,0,0,0,0,0,1,0,4,3,0.005274299326974928,0.0003194057874342016,normal
19.93572620282879,udp,ftp,S0,1845,165,0,0,0,0,1,0,0,101,286,0.9124471274183821,0.955182346340818,attack
2.3581385216684776,icmp,ftp,SH,4218,130,0,0,0,0,3,0,0,117,388,0.8200200206249528,0.9179071182194158,attack
0.5739062870387922,tcp,dns,SF,495,1070,0,0,0,0,0,0,0,8,3,0.007119506036119649,0.005433764787634676,normal
0.07857525974351355,udp,http,SF,483,868,0,0,0,0,0,1,0,2,6,0.0024599831214723454,0.007288248121422999,normal
6.737163894213408,tcp,ftp,REJ,1819,90,0,0,1,5,0,1,0,338,301,0.7900482233122708,0.8861122429239239,attack
2.029144635449886,udp,smtp,SF,465,1011,0,0,0,0,0,1,0,1,5,0.003070276196441949,0.004612887823239021,normal
17.392700010791316,icmp,http,SH,3054,81,0,0,0,1,2,0,0,216,465,0.5552062513295586,0.8584365161038172,attack
3.733773117956331,udp,http,S0,4620,69,0,0,0,0,1,0,0,224,393,0.96013415417574,0.5662978819171964,attack
0.04373447653395518,tcp,smtp,SF,486,810,0,0,0,0,0,0,0,4,3,0.006591214278430589,0.0025647728808213723,normal
3.914537961957551,tcp,smtp,SF,592,1081,0,0,0,0,0,1,0,8,8,0.00721813718593538,5.858165043647334e-06,normal
0.4016344078034839,tcp,smtp,SF,552,1207,0,0,0,0,0,1,0,8,1,0.002165604997264288,0.0018768247837788632,normal
0.8983885803525697,tcp,smtp,SF,519,965,0,0,0,0,0,0,0,9,6,0.002835252550365558,0.0023547271445554284,normal
0.14507373711752403,tcp,smtp,SF,571,1050,0,0,0,0,0,1,0,2,7,0.00638564164524634,0.001238982753900495,normal
0.7402792578686944,tcp,dns,SF,512,774,0,0,0,0,0,1,0,5,8,0.004123099116958227,0.0035875884913742074,normal
0.8308917268151389,tcp,http,SF,345,1099,0,0,0,0,0,1,0,9,2,0.007940678918646011,0.0011218356668174457,normal
0.8307884712142759,tcp,http,SF,357,737,0,0,0,0,0,0,0,1,9,0.0018410625048244256,0.007768003933131063,normal
2.972476042937924,tcp,ssh,S0,2903,89,0,0,0,1,4,0,0,439,247,0.9963150824777243,0.6803186991210575,attack
4.591173763939754,icmp,other,S0,5180,81,0,0,0,0,1,0,0,341,134,0.5940472799713066,0.5164216781753994,attack
2.798876760695466,udp,smtp,SH,6052,111,0,0,0,0,10,0,0,302,407,0.9163131535665274,0.5731093423498179,attack
1.2960373624267363,udp,ftp,REJ,1857,89,0,1,0,0,2,0,0,421,453,0.535659636089051,0.8113401342926765,attack
2.0217423659165537,tcp,http,SF,401,1005,0,0,0,0,0,1,0,3,6,0.0005687958967037032,0.005176554848962059,normal
7.148102580582707,tcp,smtp,SF,406,1149,0,0,0,0,0,1,0,9,5,0.00031093575730473886,0.00315801591699308,normal
1.5669032956067155,tcp,http,SF,283,707,0,0,0,0,0,1,0,1,3,0.008940079698604228,0.008776497434581188,normal
4.166091488440545,icmp,smtp,REJ,3981,43,0,0,1,0,2,1,0,353,125,0.6752542405526469,0.8506556288810829,attack
9.589844637174796,udp,smtp,SF,631,944,0,0,0,0,0,0,0,8,3,0.0025370645274490245,0.0007186717402662624,normal
1.2546553072777207,tcp,dns,SF,443,1174,0,0,0,0,0,1,0,3,4,0.002014842620068835,0.004647613876379087,normal
0.9485476297206332,udp,smtp,SF,297,894,0,0,0,0,0,1,0,5,5,0.00871701287459274,0.00450176458685973,normal
0.10441666840082034,tcp,http,SF,762,1227,0,0,0,0,0,0,0,3,6,0.0013480597522030503,0.006282173896677199,normal
13.167105665363747,udp,http,REJ,2319,123,0,1,0,1,1,0,0,227,271,0.977378211466988,0.8794795463216418,attack
0.32646957431303353,tcp,dns,SF,557,1058,0,0,0,0,0,0,0,8,8,0.00045057304010376667,0.008535155754631043,normal
1.6239601193201312,tcp,smtp,SF,690,1081,0,0,0,0,0,0,0,5,3,0.003487426503530573,0.00786277960023662,normal
1.7555693488457425,udp,dns,SF,422,1169,0,0,0,0,0,1,0,6,5,0.0012102827164934304,0.009349423359628815,normal
0.08881237206219557,tcp,dns,SF,672,651,0,0,0,0,0,0,0,5,6,0.0056039663293195666,0.006458446107069694,normal
0.7218556743158051,udp,smtp,SF,548,665,0,0,0,0,0,1,0,5,6,0.007781430175767115,0.0017974478538587224,normal
1.632926358867942,udp,smtp,SF,424,1511,0,0,0,0,0,1,0,6,7,0.0022349200250854073,0.007354582461105092,normal
3.7811032174459154,udp,other,REJ,2097,108,0,0,0,1,1,0,0,337,438,0.7405152115437038,0.6839088311316326,attack
3.451968859134217,tcp,dns,S0,4993,41,0,0,2,0,2,0,0,363,185,0.8409285057686116,0.8613994715282082,attack
5.8723023172674385,tcp,smtp,S0,6018,198,0,0,0,0,5,1,1,279,173,0.6390424562338812,0.6868934822114816,attack
0.9356769873827155,tcp,http,SF,377,1203,0,0,0,0,0,1,0,9,5,0.009690949964346078,0.0014291052912019876,normal
0.47265856137908646,udp,dns,SF,495,893,0,0,0,0,0,0,0,7,7,0.009710601446358984,0.008675259849065439,normal
0.007514090869984964,udp,http,SF,511,1122,0,0,0,0,0,1,0,6,9,6.0532952112529737e-05,0.008816507327212288,normal
12.770729099199151,tcp,dns,SF,371,1049,0,0,0,0,0,0,0,4,6,0.0043635569687463785,0.003404560559272839,normal
0.6231305015962297,udp,smtp,SF,455,975,0,0,0,0,0,1,0,6,3,0.006083249400528531,0.009917622592901137,normal
1.1403750162420092,tcp,dns,SF,467,1095,0,0,0,0,0,0,0,5,3,0.004024432768813048,0.0012452615629329222,normal
54.444584718289235,tcp,smtp,RSTO,3912,59,0,3,0,20,3,1,0,335,418,0.9928357243904888,0.7138899765034366,attack
3.339624422660717,icmp,other,RSTO,4836,114,0,0,0,0,0,0,0,386,111,0.9012789646173255,0.7206526264980978,attack
7.3312201995003825,udp,ftp,S0,2673,77,0,3,0,1,0,0,0,310,115,0.567960344581094,0.8671058974733299,attack
6.145052337985595,tcp,ssh,S0,5192,58,0,0,0,1,9,0,0,310,216,0.7365106485760216,0.6659587681590524,attack
0.7927422742179,tcp,dns,SF,480,953,0,0,0,0,0,1,0,3,1,0.008136102570600377,0.0057694226903930645,normal
0.07659603304052207,tcp,dns,S0,1392,167,0,0,0,0,3,0,0,238,215,0.7487456338866887,0.6106470584575185,attack
0.6790129403011333,udp,dns,SF,649,969,0,0,0,0,0,1,0,4,5,0.008111966087722475,0.0048150469240824095,normal
2.1368009390836376,udp,dns,REJ,6638,187,1,0,0,1,6,0,0,393,441,0.9388005643083369,0.5927457813404902,attack
3.0196428724947935,tcp,http,SF,638,1157,0,0,0,0,0,1,0,4,9,0.004569183004411458,0.0014811108244713268,normal
1.240248269884161,tcp,smtp,SF,469,1202,0,0,0,0,0,0,0,3,6,0.006663906503024653,0.00918414880108547,normal
2.34679576836056,udp,dns,SF,307,1055,0,0,0,0,0,1,0,7,7,0.009065020530386802,0.009926740011740846,normal
3.0479985507643685,udp,dns,SF,587,1017,0,0,0,0,0,1,0,6,9,0.003647932805989672,0.004394335506030272,normal
0.841940104769022,tcp,http,SF,331,1280,0,0,0,0,0,1,0,1,4,0.004243579899452407,0.00035918198787755816,normal
0.5695167118777767,udp,dns,SF,460,955,0,0,0,0,0,0,0,9,5,0.009029158099499276,0.006270370920600238,normal
1.2653218477652879,udp,smtp,SF,527,847,0,0,0,0,0,1,0,8,4,0.00624736342486727,0.0025591400447054235,normal
11.97661851360989,tcp,dns,REJ,5978,108,0,0,0,0,0,1,0,232,189,0.7014413421976016,0.627516966212654,attack
0.10978432396829128,icmp,dns,S0,7243,69,0,0,2,0,0,0,0,320,257,0.5239146942623574,0.906553602101629,attack
0.2681832542174607,tcp,dns,SF,585,799,0,0,0,0,0,1,0,8,6,0.006362522050477452,0.006196786468172426,normal
1.0333373073877081,tcp,http,SF,509,796,0,0,0,0,0,1,0,3,4,0.006905785750318336,0.007502951424482797,normal
1.1668459007744214,udp,smtp,SF,555,1086,0,0,0,0,0,1,0,7,1,0.002887797768412731,0.0007125872924429122,normal
2.1258501502254408,udp,dns,SF,404,777,0,0,0,0,0,1,0,1,8,0.006535591556085999,0.00020351478439404325,normal
18.02691677265475,tcp,other,S0,1760,134,0,0,1,1,3,0,1,381,311,0.5495977982913198,0.676009627112228,attack
2.953144086334442,udp,smtp,SF,658,819,0,0,0,0,0,1,0,5,2,0.002215185635870587,0.006707566068331085,normal
3.4020531939261778,udp,smtp,SF,355,939,0,0,0,0,0,1,0,2,7,0.005316268268663686,0.0038332624110461932,normal
7.035156409048345,tcp,dns,RSTO,5842,70,0,0,0,1,0,0,0,477,391,0.7742850344959686,0.764939041461208,attack
1.5838977677496615,udp,http,SF,518,633,0,0,0,0,0,1,0,1,7,0.006354273298940224,0.0032766833866070943,normal
12.330873917159975,icmp,dns,S0,3947,88,0,0,0,1,0,0,0,143,405,0.6884625405722063,0.5546677372687288,attack
6.254683612183195,icmp,ssh,REJ,6401,58,0,0,0,0,1,1,0,129,289,0.5269890589443214,0.5179855815126057,attack
0.3974838732646658,icmp,ssh,S0,3789,83,0,0,1,0,0,0,0,189,223,0.909717968988345,0.9893001454610724,attack
1.075319139991501,tcp,http,SF,611,857,0,0,0,0,0,1,0,1,6,0.0009241272148101842,0.002711073421760758,normal
1.4940538830907535,tcp,dns,SF,339,818,0,0,0,0,0,1,0,1,4,0.00865777565411362,0.005147115986466363,normal
4.018116465891122,tcp,smtp,SF,560,641,0,0,0,0,0,1,0,7,7,0.007453941765193381,0.005131759082811408,normal
0.6872591911045084,udp,smtp,SF,562,788,0,0,0,0,0,1,0,1,6,0.009502197012439957,0.004722747535520222,normal
1.6465774183487598,udp,http,SF,463,985,0,0,0,0,0,0,0,8,6,0.005899775177384286,0.0007373648303073011,normal
2.050652307114716,icmp,other,REJ,4092,106,0,0,0,1,2,0,1,199,278,0.5904161269003653,0.9488068420272844,attack
5.42893513581596,tcp,smtp,SF,421,756,0,0,0,0,0,1,0,4,2,0.0018757843568057142,0.0015663502121212325,normal
0.48081258888684114,tcp,smtp,SF,498,836,0,0,0,0,0,0,0,3,5,0.0020328763276434483,0.005596174358049084,normal
0.26198508431561374,tcp,other,S0,6826,166,0,0,0,0,2,0,0,401,292,0.5927950453753822,0.6909580981702619,attack
8.352623438309308,tcp,other,S0,6887,85,0,0,0,0,8,1,0,164,484,0.7081406547034499,0.7633968692121113,attack
4.39036659812775,tcp,dns,S0,8671,189,0,0,0,1,0,0,0,370,428,0.940539643696847,0.9260976538799919,attack
0.6053273975532409,tcp,smtp,SF,359,1464,0,0,0,0,0,1,0,4,3,0.001799748047372538,0.004039308162378638,normal
5.395065639701974,icmp,ssh,SH,1387,12,0,0,0,0,2,0,0,441,145,0.8041651648526744,0.6463251421381142,attack
12.029897193157126,tcp,other,S0,3436,140,0,0,0,0,5,0,0,375,204,0.7139556668792622,0.7915525908778317,attack
0.7818373954237089,icmp,ssh,S0,2240,131,0,0,0,0,0,0,0,480,116,0.7671582544522524,0.9199165546102062,attack
0.38087070485999736,udp,dns,SF,393,631,0,0,0,0,0,1,0,1,8,0.006400391701204701,0.007658340727001778,normal
0.5647362384976076,tcp,http,SF,564,1036,0,0,0,0,0,1,0,8,2,0.00014166589859079814,0.0005857853831441329,normal
0.9724571282068556,udp,http,SF,418,1217,0,0,0,0,0,1,0,5,8,0.0036345765880494386,0.0030069995992854084,normal
2.249844104230017,udp,smtp,SF,413,747,0,0,0,0,0,1,0,7,5,0.0002497432454993742,0.00389043906379544,normal
19.582532373983035,icmp,dns,REJ,5690,204,0,0,0,20,1,0,0,307,315,0.7434534344232566,0.8780762785209468,attack
0.6692560605569859,udp,smtp,SF,556,1146,0,0,0,0,0,1,0,5,4,0.009617607904944222,0.00044156265523341397,normal
5.007619518787586,icmp,other,S0,7000,87,0,0,0,0,0,0,0,252,194,0.9671727089898509,0.5204504193166624,attack
1.6233731019628908,udp,smtp,SF,328,1283,0,0,0,0,0,1,0,3,2,0.0042546250698682845,0.0038209133823035113,normal
1.692190631560456,udp,smtp,SF,631,1080,0,0,0,0,0,1,0,7,7,0.005581354787042066,0.0012356202737433574,normal
0.27484737658049185,udp,http,SF,605,934,0,0,0,0,0,1,0,8,3,0.009821699277450703,0.006684687910574347,normal
3.4217563080768114,tcp,dns,SF,479,535,0,0,0,0,0,1,0,5,7,0.004045569344456992,0.0023296353397218895,normal
0.6233064581855075,tcp,http,SF,548,1129,0,0,0,0,0,1,0,6,2,0.0008831044630657814,0.003383636808701972,normal
3.3810664064939897,udp,smtp,SF,470,1228,0,0,0,0,0,1,0,6,9,0.003436540188500806,0.004288934476879336,normal
0.4635937101377362,udp,smtp,SF,560,1054,0,0,0,0,0,1,0,5,5,0.0035298014941766345,0.00425370778041399,normal
5.503997788845631,icmp,ssh,S0,8937,79,0,0,0,20,6,1,0,312,371,0.7757320974745039,0.7752665190486973,attack
2.947738008545728,tcp,http,SF,503,966,0,0,0,0,0,1,0,1,1,0.0037897624577279978,0.009902783927693838,normal
1.2887793235967608,udp,http,SF,566,1226,0,0,0,0,0,1,0,3,9,0.0025606159661452,0.0073219049568601985,normal
2.412497579891515,udp,http,SF,428,1004,0,0,0,0,0,0,0,5,8,0.007673055385584361,0.006803637144471487,normal
3.274278927551515,icmp,other,REJ,1603,144,0,0,0,0,2,0,2,360,185,0.6648459185764097,0.6858202897965391,attack
2.8006283260336113,udp,dns,SF,450,1002,0,0,0,0,0,1,0,3,9,0.006844513879234998,0.006133122762944997,normal
0.23569116004555024,tcp,http,SF,457,885,0,0,0,0,0,1,0,4,1,0.007917433655716425,0.0039421392441280146,normal
2.4160863860927413,tcp,dns,SF,458,758,0,0,0,0,0,1,0,1,7,0.002531267686873,0.0032748815478898484,normal
0.4989607513227351,udp,dns,SF,434,1202,0,0,0,0,0,1,0,4,2,0.0015880288415842402,0.0015430773127606734,normal
0.5549237534288965,udp,http,SF,534,686,0,0,0,0,0,1,0,8,3,0.007589583229825884,0.004007686796707357,normal
3.2783740581718104,tcp,smtp,SF,723,1191,0,0,0,0,0,0,0,3,8,0.0014803122346567954,0.005473843359952066,normal
0.14585455619552473,udp,http,SF,413,998,0,0,0,0,0,1,0,1,9,0.00814065883928005,0.0041378671978467485,normal
5.051961262943589,tcp,dns,SF,284,1260,0,0,0,0,0,1,0,2,9,0.006488917932320743,0.00998455386417336,normal
1.6431685336614352,tcp,dns,SF,445,952,0,0,0,0,0,1,0,1,9,0.0005519779458329433,0.008812814302034757,normal
0.6069354007455899,tcp,http,SF,540,1211,0,0,0,0,0,1,0,7,1,0.0045586174342368245,0.0006579464860471917,normal
2.4425385891653555,udp,smtp,SF,567,1168,0,0,0,0,0,1,0,4,1,0.005713158575083112,0.006827898167530388,normal
12.078232364104995,icmp,other,SH,2809,103,0,0,0,20,1,0,0,125,224,0.7769694332328838,0.8248526860452465,attack
0.46637795767691737,udp,dns,SF,518,1065,0,0,0,0,0,0,0,8,2,0.008880501447561546,0.003647793095048485,normal
0.3649914422894399,tcp,dns,SF,394,990,0,0,0,0,0,1,0,5,8,0.00463551826818824,0.005263293088100212,normal
29.347515886035445,icmp,ftp,S0,6369,40,0,0,0,0,0,0,0,101,393,0.529625698208972,0.8281794663270627,attack
0.6882835545033517,udp,dns,SF,392,762,0,0,0,0,0,1,0,9,2,0.0006413176987757108,0.008772633411637984,normal
6.33660923758273,icmp,smtp,S0,2410,123,0,0,0,0,0,0,0,306,340,0.7666947053787294,0.9974264198294132,attack
14.020106239412089,icmp,smtp,RSTO,7834,7,0,0,0,0,7,0,0,111,483,0.8716030618462108,0.6609827657108945,attack
1.7042014911022632,udp,smtp,SF,673,884,0,0,0,0,0,1,0,2,2,0.005499409783015445,0.008878168756899198,normal
7.762556925928373,icmp,ssh,S0,2396,143,0,3,0,0,7,0,0,238,234,0.8614822856469897,0.7388399343170755,attack
6.121100065142898,icmp,other,SH,6119,84,0,0,0,0,2,1,0,480,218,0.5336881310804134,0.8788783960190195,attack
0.7928089843383576,tcp,http,SF,566,927,0,0,0,0,0,1,0,1,3,0.009422385518385552,0.008352934836227257,normal
1.2619208684852325,udp,dns,RSTO,11378,36,1,0,0,5,3,0,0,397,351,0.7327148392564272,0.5303524772820261,attack
3.063679020343543,udp,http,SF,458,974,0,0,0,0,0,1,0,3,2,0.007315142431817349,0.003909190292052992,normal
23.282680930307095,udp,smtp,REJ,4274,138,0,1,0,0,2,0,0,436,227,0.5367244687065358,0.6967988739414179,attack
1.09083161414422,tcp,http,SF,515,1121,0,0,0,0,0,1,0,9,2,0.006810852016655722,0.0031946141984379194,normal
1.9141340346615876,tcp,dns,SF,501,1153,0,0,0,0,0,1,0,2,1,0.005830467498367667,0.009504042416934528,normal
0.516467361299859,udp,http,SF,375,1068,0,0,0,0,0,1,0,3,9,0.005923503668642189,0.00971891358510949,normal
0.5355943930077267,tcp,ssh,RSTO,4247,69,0,0,0,0,2,0,0,215,215,0.9524445385010885,0.7332540828486065,attack
0.4222588824445197,udp,http,S0,5505,173,0,1,0,0,0,0,1,470,204,0.554069649275106,0.8425106299362161,attack
0.2689091291785386,tcp,dns,SF,587,1224,0,0,0,0,0,1,0,3,4,0.007967853073043952,0.00031507462948472177,normal
0.7653888341297792,udp,smtp,SF,486,1409,0,0,0,0,0,1,0,7,7,0.000488504197109938,0.0084457364919887,normal
1.5282706569853108,tcp,http,S0,4089,46,0,3,0,1,1,0,0,399,376,0.6177690305338048,0.8929964067076268,attack
28.658200792759395,icmp,other,S0,4593,94,1,0,0,0,2,0,0,188,118,0.9521468673500086,0.9126684310155625,attack
1.1164989634059732,udp,http,SF,518,1367,0,0,0,0,0,1,0,2,4,0.0017967409820134916,0.00041842380043316974,normal
16.20943923644536,udp,smtp,REJ,5155,144,0,0,0,5,3,0,0,346,484,0.5400818993304928,0.8919851285696021,attack
17.480638660234085,tcp,smtp,S0,6930,97,0,0,1,5,1,1,0,413,166,0.9088465210136871,0.6220268779543301,attack
0.012700486566000296,udp,dns,SF,312,1248,0,0,0,0,0,1,0,1,9,0.0002736830797998036,0.002347285299186648,normal
2.44087746348074,udp,ftp,S0,3006,144,0,0,0,5,1,0,0,470,354,0.7510425892569805,0.733119463922141,attack
6.30130411152331,tcp,dns,S0,6913,105,0,0,0,0,0,0,1,375,427,0.9617312326059813,0.9465531396501541,attack
13.077143799125004,tcp,http,RSTO,2565,90,0,0,0,0,0,0,0,257,398,0.9037428283044331,0.8980944723427116,attack
0.2110174620669669,tcp,http,SF,427,1175,0,0,0,0,0,1,0,8,1,0.0034735588682931716,0.009109374917742356,normal
0.5691030704606255,udp,http,SF,551,1114,0,0,0,0,0,1,0,1,1,0.0023807006786711283,0.0053552875476570085,normal
1.929546928785313,tcp,http,SF,473,1101,0,0,0,0,0,1,0,2,5,0.000448806993515668,0.0039281137178615476,normal
2.9337529284316233,tcp,smtp,SF,479,1069,0,0,0,0,0,1,0,8,5,0.008164295790818052,0.0050085175943844614,normal
0.14603821159238084,tcp,smtp,SF,600,1166,0,0,0,0,0,1,0,5,8,0.003112472054517486,0.002200779052989802,normal
0.542094295362749,udp,ssh,SH,4510,81,0,0,0,0,0,0,2,392,368,0.6634290704456504,0.8419410347692939,attack
7.196128996807726,udp,ftp,REJ,8441,53,0,0,0,0,0,0,0,321,394,0.7863090058730693,0.9355717505543504,attack
1.481976909951808,tcp,http,SF,614,1083,0,0,0,0,0,1,0,7,4,0.006429003439406336,0.006138848334212156,normal
1.0947759831524233,tcp,ftp,S0,6795,131,0,0,0,0,0,1,0,279,352,0.8271283008177378,0.7977073791878502,attack
1.9799621758591517,tcp,smtp,SF,456,371,0,0,0,0,0,1,0,5,9,0.006160827504881426,0.007242563114561804,normal
9.14918154138151,tcp,smtp,S0,5480,66,0,0,0,0,1,0,0,471,399,0.6891104946867532,0.6672768601401956,attack
1.0104220358688378,udp,dns,SF,515,971,0,0,0,0,0,1,0,1,3,0.007786829533158822,0.004412795217686694,normal
0.41150682491784285,udp,dns,SF,513,1071,0,0,0,0,0,0,0,8,3,0.00997224683555872,0.00954467666014514,normal
0.36335675216745705,tcp,dns,SF,547,1294,0,0,0,0,0,1,0,4,2,0.006829575473901982,0.003054492808532371,normal
1.0022001838832038,tcp,smtp,SF,510,1535,0,0,0,0,0,1,0,5,6,0.005530748503564497,0.009128634963016526,normal
0.1672580936664318,udp,smtp,SF,693,820,0,0,0,0,0,1,0,2,6,0.009977219312101618,0.0040192136857899975,normal
15.701278524742987,udp,other,S0,6577,63,0,0,0,0,0,1,0,163,380,0.9653883018683327,0.8513915571439041,attack
3.126068697976601,tcp,http,S0,6420,55,0,0,0,20,2,0,0,229,238,0.8337914013003525,0.9365198802356436,attack
1.0949085213043763,udp,dns,SF,522,740,0,0,0,0,0,1,0,6,3,0.009643854906116474,0.009920439245520924,normal
1.0307797171587416,tcp,smtp,S0,6268,104,0,0,0,0,1,0,0,270,329,0.8389995684959105,0.9802481990131711,attack
0.14993490007828442,tcp,http,SF,630,1164,0,0,0,0,0,1,0,5,4,0.0071292333301884656,0.002905026443483949,normal
5.501223521836971,udp,other,S0,6099,230,0,0,2,20,0,0,0,314,164,0.5043582659789423,0.8515902720493749,attack
0.599556240899866,udp,smtp,SF,384,842,0,0,0,0,0,1,0,1,5,0.0017142357566815847,0.008883126608059842,normal
9.218909669817112,icmp,other,RSTO,2608,12,0,0,0,5,1,1,0,118,395,0.8633181429567178,0.8125449163544664,attack
0.7475384569006571,udp,dns,SF,368,1272,0,0,0,0,0,1,0,2,1,0.0060674202586767315,0.0003936529722390991,normal
3.2896568764986567,udp,smtp,SF,513,1360,0,0,0,0,0,0,0,3,2,0.007827782761459918,0.009612176772313762,normal
0.09439125746575971,udp,http,SF,520,1072,0,0,0,0,0,1,0,8,5,0.0018139174465957532,0.009235264015812997,normal
1.3341681978827307,tcp,dns,SF,666,891,0,0,0,1,0,1,0,9,1,0.008773726291581246,0.004823651580351362,normal
1.0973322336032885,udp,dns,SF,601,537,0,0,0,0,0,1,0,3,3,0.007585026282142149,0.008247757727487724,normal
26.063845231296515,icmp,ssh,SH,6333,71,0,0,0,1,0,1,1,434,276,0.7502605130855937,0.820576500289246,attack
9.205452713187505,icmp,ssh,REJ,7889,59,1,0,0,0,1,0,0,431,143,0.7024373978733369,0.5671402827069104,attack
15.44166453526383,tcp,dns,S0,4150,108,0,3,0,1,0,0,0,244,232,0.633927266134924,0.669994536893205,attack
1.6559935860504613,udp,smtp,SF,530,1122,0,0,0,0,0,1,0,1,8,0.00681106430748481,0.006297756756109804,normal
8.682751732719543,udp,http,SF,549,1001,0,0,0,0,0,0,0,6,8,0.0076513982739162805,0.0008804136640803894,normal
2.5256935284193274,udp,smtp,SF,517,733,0,0,0,0,0,1,0,9,1,0.008085663553040558,0.005323603366274172,normal
2.395379941475059,tcp,http,SF,638,1124,0,0,0,0,0,1,0,3,1,0.0056909645250450315,0.009874691313255912,normal
1.0442102420668942,tcp,smtp,SF,619,1008,0,0,0,0,0,1,0,6,1,0.004667885675048476,0.0029446574612640455,normal
13.10882316929755,tcp,http,REJ,3754,129,0,0,0,0,2,0,0,457,136,0.5822859966075556,0.7704596478675477,attack
1.1647522058512725,udp,dns,SF,461,972,0,0,0,0,0,0,0,8,5,0.0023255626637175564,0.002726018566318389,normal
0.6558222152947205,tcp,dns,SF,455,1021,0,0,0,0,0,0,0,8,1,0.004428397397414832,0.004391174138638959,normal
0.35520214253833743,tcp,dns,SF,251,944,0,0,0,0,0,1,0,5,3,0.005928617959259913,0.004475819160837199,normal
0.720482214173241,udp,smtp,SF,463,1011,0,0,0,0,0,1,0,4,2,0.0055554285996386454,0.004641867739953131,normal
10.563421577937774,icmp,ssh,REJ,3523,33,0,0,0,20,0,0,0,260,143,0.9607810318306446,0.8911135619790813,attack
2.520344075244976,tcp,http,SF,437,745,0,0,0,0,0,0,0,5,1,0.006589768927625205,0.007592630954801274,normal
1.2457799552533966,tcp,dns,SF,424,899,0,0,0,0,0,1,0,4,7,0.005767201830355959,0.008331222189671708,normal
24.306517016486335,icmp,http,S0,1513,112,0,0,0,0,4,0,0,371,392,0.6368063646508471,0.5242549747362446,attack
15.909772193834346,udp,ftp,SH,5016,64,0,0,0,0,2,0,0,374,130,0.542422101815887,0.956226055270877,attack
1.2056458673990416,udp,smtp,SF,574,974,0,0,0,0,0,1,0,9,6,0.005850893736532195,0.0051594159131028595,normal
12.389630778969725,icmp,smtp,S0,6706,136,0,0,0,0,4,0,0,468,244,0.8147758454868024,0.7684913346924668,attack
0.20761187070040532,udp,smtp,SF,455,978,0,0,0,0,0,1,0,7,6,0.004247645759902428,0.0071613660600664784,normal
9.278794223130781,udp,other,S0,229,181,0,0,0,0,4,0,0,141,270,0.8467396397073985,0.7143981577476335,attack
2.6481383258512383,tcp,dns,SF,594,1099,0,0,0,0,0,1,0,2,8,0.007934354562769582,0.001449539707512255,normal
5.250408950851009,udp,http,SF,353,934,0,0,0,0,0,1,0,4,7,0.006182977697223478,0.008611061510526414,normal
1.0400644458610766,udp,http,RSTO,3398,118,0,0,0,0,1,0,0,118,422,0.7134809817125414,0.9424309737869851,attack
0.22870878190366511,udp,dns,SF,601,582,0,0,0,0,0,0,0,9,1,0.00447993227518309,0.00347236506397943,normal
1.6437096227555872,tcp,http,SF,403,997,0,0,0,0,0,1,0,1,6,0.0028869830437201994,0.006006374709126733,normal
0.21747584973558698,tcp,dns,SF,389,1204,0,0,0,0,0,1,0,2,8,0.00896715938016786,0.0035397883504733273,normal
0.571239103293737,tcp,http,SF,585,1065,0,0,0,0,0,1,0,9,6,0.007157751719540063,0.009269987800699238,normal
7.257696139382313,icmp,http,RSTO,7404,165,0,0,0,0,0,0,0,396,407,0.6284119726477464,0.7129232350283237,attack
49.024261837702944,icmp,http,S0,763,110,0,0,0,5,0,0,0,431,361,0.868744515090832,0.6082403100243539,attack
10.44749172569851,udp,smtp,S0,4174,94,0,0,0,0,1,0,0,137,128,0.7130394334281334,0.9744076387189318,attack
1.0073442790399836,udp,smtp,SF,578,1026,0,0,0,0,0,0,0,2,1,0.005480100820417411,0.004915163733229144,normal
1.7943294634510145,tcp,smtp,SF,631,903,0,0,0,0,0,1,0,1,7,0.006174571890795242,0.008638430533265342,normal
7.81202734324309,tcp,smtp,SF,452,1130,0,0,0,0,0,1,0,5,8,0.0046389352450354575,0.005362929150116278,normal
0.028527480507286665,tcp,dns,SF,525,1152,0,0,0,0,0,1,0,6,2,0.001993613298434489,0.002209207241803494,normal
3.6758947892082796,tcp,smtp,SF,550,939,0,0,0,0,0,1,0,1,1,0.008434134061021073,0.0005457169055649336,normal
11.002046582742471,udp,smtp,S0,5274,153,0,0,0,0,1,0,0,385,428,0.5571614934119735,0.5544285309743715,attack
0.10983980946744014,udp,http,SF,526,802,0,0,0,0,0,1,0,6,9,0.004405553191061404,0.0033284145373013788,normal
1.6296581828445476,udp,dns,SF,261,1108,0,0,0,0,0,1,0,7,1,0.00915495441338175,0.00952900133574409,normal
0.2050992768246913,tcp,http,S0,6158,38,0,0,0,0,2,0,0,145,493,0.7014547407269038,0.5728557207512748,attack
2.7600895328222395,udp,http,S0,257,8,0,0,0,5,0,0,0,338,157,0.911072280739607,0.913626493913668,attack
2.6024470135729176,tcp,dns,S0,2931,48,0,0,0,0,5,0,0,185,133,0.6206514823133373,0.7169137607012639,attack
1.3752533619599987,udp,http,S0,8187,73,0,0,0,0,6,0,0,324,259,0.65582584298382,0.9383310867605767,attack
44.62735421078654,tcp,ftp,REJ,248,52,0,0,0,0,0,0,0,407,443,0.9137717244043144,0.7107926595200862,attack
6.990622687580599,tcp,http,S0,5170,92,0,1,0,0,2,0,0,146,343,0.5274584162423654,0.6199102427499413,attack
0.544559905153914,tcp,dns,SF,438,1040,0,0,0,0,0,1,0,5,1,0.007337437605041899,0.002926826063705851,normal
1.0488741548098395,tcp,smtp,SF,634,1027,0,0,0,0,0,0,0,4,1,0.006003635602314779,0.004698213528169587,normal
5.61798843473655,udp,smtp,SF,474,822,0,0,0,0,0,1,0,5,6,0.0063933497626655535,0.009774467051189971,normal
3.019415000361985,tcp,dns,SF,266,1231,0,0,0,0,0,1,0,8,1,0.008147836790069,0.0007515566373442873,normal
0.8727483950193894,tcp,dns,SF,353,1029,0,0,0,0,0,1,0,3,5,0.004380029064448151,0.00775353126577483,normal
4.591960620416808,tcp,http,SF,475,1012,0,0,0,0,0,1,0,7,1,0.0006017870024473415,0.006800187228221864,normal
0.4369072981301036,tcp,smtp,SF,491,1118,0,0,0,0,0,1,0,1,6,0.002805330629397785,3.467159994253843e-05,normal
0.7108394460910817,tcp,smtp,SF,525,1142,0,0,0,0,0,1,0,2,2,0.0019792149883558186,0.009632852152621735,normal
12.440464513127353,icmp,smtp,S0,6404,97,0,0,0,1,0,0,0,418,343,0.6846977411683619,0.9948308959489507,attack
6.257476263082429,icmp,dns,S0,5908,91,1,0,0,0,2,0,1,221,414,0.7688076869101338,0.5763755583577889,attack
0.3046795241801712,udp,dns,SF,534,948,0,0,0,0,0,0,0,2,9,0.004571728302538101,0.00031306948080583207,normal
0.4437291706994737,udp,dns,SF,397,920,0,0,0,0,0,1,0,4,6,0.00991489849456788,0.007194483974405579,normal
1.4228264007255123,tcp,smtp,SF,460,828,0,0,0,0,0,0,0,7,9,0.004019990749619181,0.006434137151526591,normal
21.079019866145153,udp,smtp,S0,3618,138,0,0,0,0,4,1,0,467,360,0.8249574348215267,0.5836620151352061,attack
0.7577525376812266,tcp,http,SF,514,979,0,0,0,0,0,1,0,5,4,0.00952673941188465,0.002380231832425924,normal
0.0801763941162911,udp,http,SF,402,921,0,0,0,0,0,0,0,5,2,0.0032260950126885082,0.0037778837179601476,normal
0.34244660930778625,tcp,smtp,SF,456,653,0,0,0,0,0,1,0,4,7,0.00874475680570008,0.0039237578053098274,normal
4.366685321438403,udp,smtp,RSTO,3428,148,0,0,0,0,2,0,1,291,184,0.8064617625091155,0.928844448616889,attack
0.4746774190194341,udp,smtp,SF,574,1027,0,0,0,0,0,1,0,2,3,0.005243040646169602,0.00026864864220049745,normal
3.856474223396173,udp,dns,SF,554,1108,0,0,0,0,0,1,0,7,5,0.003181345481823672,0.003324851300997316,normal
2.2510248262556503,tcp,http,SF,545,1243,0,0,0,0,0,0,0,3,7,0.007191420262736153,0.0063751435441312876,normal
0.8345636839301069,udp,dns,SF,588,943,0,0,0,0,0,1,0,9,3,0.008633689718672056,0.00844796437055176,normal
0.5243322267196301,udp,http,SF,573,822,0,0,0,0,0,1,0,5,7,0.009377980430492512,0.007335431193619753,normal
2.302613746604969,udp,dns,SF,270,904,0,0,0,0,0,1,0,3,4,0.0012540793104580672,0.0018526136858105613,normal
0.8092970688888214,tcp,http,SF,572,1174,0,0,0,0,0,1,0,2,4,0.0033051856369611444,0.009025522410506028,normal
1.370748870847029,tcp,dns,SF,405,682,0,0,0,0,0,1,0,3,6,0.005942030357168412,0.0044433476116436865,normal
2.6711264662256755,tcp,dns,S0,5482,33,0,0,0,0,2,0,0,380,212,0.8193148315820822,0.6470762146180945,attack
1.1504716884347261,icmp,dns,SH,4287,150,0,0,0,0,4,0,1,286,222,0.923460620587697,0.7861188606547025,attack
1.195404710220437,tcp,http,SF,607,805,0,0,0,0,0,0,0,3,3,0.0006502842655986363,0.0057636990882827055,normal
0.6906184931390309,tcp,dns,SF,507,1086,0,0,0,0,0,1,0,9,2,0.005588291524435839,0.005717874160397808,normal
0.09080003267378046,udp,smtp,SF,622,771,0,0,0,0,0,1,0,4,4,0.003890435616708318,0.006884702170964166,normal
0.5802717991881179,tcp,smtp,SF,500,806,0,0,0,0,0,1,0,1,5,0.009213045536309692,0.009281868962063287,normal
0.7186524640416067,udp,smtp,SF,421,749,0,0,0,0,0,0,0,9,6,0.008280173246482335,0.009551254629230812,normal
0.5867331933768402,tcp,http,SF,616,875,0,0,0,0,0,0,0,1,3,0.009462247410446357,0.008933401553055602,normal
1.2356363165292477,udp,smtp,SF,717,946,0,0,0,0,0,1,0,8,8,0.006739182405825796,0.005249405366381468,normal
4.467559434305623,tcp,http,SF,471,1142,0,0,0,0,0,0,0,4,4,0.008499674128545917,0.0003577456849641969,normal
0.720150259242812,udp,dns,SF,527,866,0,0,0,0,0,1,0,1,3,0.0031411501203078285,0.0004884313223117609,normal
0.2972883927706607,tcp,http,SF,424,1085,0,0,0,0,0,1,0,4,1,0.009029935480487604,0.002360540235547125,normal
0.9053753866431011,tcp,dns,SF,466,927,0,0,0,0,0,0,0,6,6,0.006830201035839161,0.00821779581859219,normal
2.485240123986379,tcp,ftp,REJ,5343,138,0,0,0,0,1,0,0,372,462,0.8632487106244571,0.8071560701276539,attack
9.974272392747574,udp,smtp,REJ,8368,59,0,0,0,1,0,0,0,286,300,0.5435797628308141,0.8681742189161556,attack
0.18984728406358775,tcp,smtp,SF,617,1102,0,0,0,0,0,1,0,8,6,0.0008387642790560523,0.003997022077725656,normal
0.46616125677507453,udp,http,SF,540,1225,0,0,0,0,0,1,0,6,1,0.0017723342833956214,0.0030642224267996843,normal
0.8173271263852987,tcp,other,RSTO,6164,150,0,0,2,0,0,1,0,412,289,0.8090227941027001,0.9945814839064431,attack
0.44262121452865083,udp,dns,SF,347,1549,0,0,0,0,0,1,0,3,8,0.009309720597746136,0.008219372553878893,normal
2.4619055426365546,tcp,http,SF,544,1240,0,0,0,0,0,1,0,7,7,0.0019368317127320357,0.0066254622505010335,normal
1.07424179974096,tcp,smtp,SF,391,1078,0,0,0,0,0,1,0,6,5,0.00282331963085671,0.004903649503695904,normal
2.3213594980396732,tcp,dns,SF,400,1052,0,0,0,0,0,0,0,7,4,0.0026711741312275606,0.008447030371674526,normal
0.4428361471580721,udp,smtp,SF,421,1142,0,0,0,0,0,1,0,7,5,0.004688690167493404,0.005778319458155631,normal
0.38521354391091284,tcp,http,SF,501,796,0,0,0,0,0,1,0,3,5,0.00804269343030818,0.003304334412075457,normal
9.771718499557624,icmp,other,S0,6599,66,0,0,0,0,2,1,1,193,228,0.7571364933626357,0.6447294365349798,attack
1.4641964362978233,tcp,http,SF,586,920,0,0,0,0,0,1,0,1,3,0.006292373783527719,0.001185346599594681,normal
4.537683156392388,tcp,smtp,SF,597,492,0,0,0,0,0,1,0,4,5,0.007550685966930545,0.00832434207394263,normal
1.9414860020797753,icmp,dns,S0,5717,72,0,0,0,1,0,0,0,116,161,0.911554456876529,0.5085703619457228,attack
1.7217664164518984,tcp,dns,SF,580,1224,0,0,0,0,0,1,0,7,8,0.005255100943685565,0.004019226792262168,normal
2.4776438943573655,udp,smtp,SF,637,962,0,0,0,0,0,0,0,8,7,0.005988953427634685,0.0018978528873071633,normal
2.8550596601885707,tcp,smtp,SF,542,1456,0,0,0,0,0,1,0,8,3,0.003129503026235605,0.009415695051128735,normal
0.11035318005573044,udp,http,S0,1583,52,0,0,0,0,7,0,0,148,450,0.9461715398778364,0.5886428539288588,attack
0.5823688109573992,udp,dns,SF,500,1039,0,0,0,0,0,1,0,8,2,0.008088350782041408,0.00129030686657561,normal
1.0547451726675732,udp,smtp,SF,586,1074,0,0,0,0,0,1,0,3,9,0.0026879203246398886,0.0037027736489827078,normal
1.1603538049656392,udp,dns,SF,350,769,0,0,0,0,0,1,0,1,4,0.002537396139331457,0.003150683699697351,normal
2.634848128841747,tcp,smtp,SF,578,822,0,0,0,0,0,1,0,7,6,0.005877819463757574,0.001784995128109177,normal
1.3285130902564615,udp,ssh,S0,6054,140,0,0,0,0,0,0,0,118,439,0.9056128872255838,0.7682221296935992,attack
5.478141504019519,icmp,ssh,REJ,5825,58,0,0,0,1,1,0,0,466,360,0.6639022944567119,0.6637774999719475,attack
7.054124759128797,tcp,http,SF,558,804,0,0,0,0,0,1,0,9,4,0.004931815725687004,0.0007547765149919162,normal
1.4199423009633494,udp,smtp,SF,537,1236,0,0,0,0,0,1,0,2,9,0.00401107445322249,0.004829199844187141,normal
2.9506001222234257,tcp,dns,SF,556,1059,0,0,0,1,0,1,0,9,9,0.0061299509240398025,0.00014796805105979027,normal
0.1822533581088478,udp,smtp,SF,581,839,0,0,0,0,0,1,0,8,1,0.005658872904159812,0.00683742704360864,normal
0.9553579107641631,udp,http,SF,641,872,0,0,0,0,0,1,0,9,1,0.004252176569066435,0.004841128760982737,normal
0.32440715636129497,udp,http,SF,492,972,0,0,0,0,0,1,0,2,4,0.0011565813259010094,0.001432120984442893,normal
1.8456763699566558,udp,http,SF,727,1165,0,0,0,0,0,0,0,3,9,0.009055433223278671,0.00816475936132487,normal
3.297541420247011,tcp,dns,SF,305,923,0,0,0,0,0,1,0,8,9,0.006890409464019499,0.005747701121754379,normal
0.6097866182144807,udp,http,SF,559,822,0,0,0,0,0,1,0,7,6,0.008728866625679952,0.0002586296639758223,normal
6.976349006496642,udp,http,REJ,6229,78,0,0,0,0,0,0,0,462,380,0.711675524441455,0.7357203354429982,attack
10.33996467777962,udp,smtp,S0,1863,75,0,0,0,0,1,0,0,354,241,0.5406749028962026,0.6387267572421147,attack
0.021515175293730295,udp,smtp,SF,380,1093,0,0,0,0,0,1,0,8,3,0.006218284805714478,0.001045550425505537,normal
2.9259980491074042,udp,smtp,SF,286,1032,0,0,0,0,0,1,0,9,8,0.0053702435515091155,0.005760722463613862,normal
1.1466889436295826,udp,http,SF,389,870,0,0,0,0,0,1,0,8,9,0.003025634003509995,0.004028119500687695,normal
19.75219773792053,tcp,dns,S0,3444,102,0,3,0,20,8,0,0,331,298,0.7173264373922281,0.9535031277734722,attack
1.337058540434878,udp,dns,SF,447,875,0,0,0,0,0,1,0,6,4,0.007658680174927791,0.004449186035555239,normal
1.3886539821741182,udp,dns,SF,696,730,0,0,0,0,0,1,0,2,1,0.006438105573829983,0.004145393260969046,normal
0.39346347294902484,tcp,dns,SF,421,942,0,0,0,0,0,1,0,9,8,0.003446638458553163,0.009144443860413612,normal
0.2823105899755767,udp,dns,SF,418,750,0,0,0,0,0,1,0,5,7,0.0047849761463022635,0.009073070859757957,normal
1.1068602106601115,udp,http,SF,631,877,0,0,0,0,0,1,0,1,6,0.00748595025475102,0.009217219821782044,normal
13.749982239378022,tcp,ftp,S0,3470,28,0,0,0,0,1,0,0,337,384,0.6842093488194655,0.9394434333169851,attack
0.28701966749246577,tcp,http,SH,4130,90,0,0,0,5,6,0,0,125,391,0.6735636677638415,0.881730856083409,attack
1.479817836032193,udp,http,SF,590,738,0,0,0,0,0,1,0,9,5,0.0005529361466693372,0.0022252808738341947,normal
0.9257644865770392,tcp,other,REJ,8126,149,0,0,0,20,4,0,0,315,367,0.7206282644715217,0.8172537042185579,attack
2.118909968774338,tcp,http,SF,534,1677,0,0,0,0,0,1,0,8,2,0.006621388195721798,0.0068131908726861605,normal
0.08708518050457437,udp,smtp,SF,390,837,0,0,0,0,0,0,0,5,9,0.0022453976470529235,0.006322844582746814,normal
2.2311719079186068,udp,smtp,SF,596,996,0,0,0,0,0,1,0,7,2,0.0028633176227049785,0.0019728237039569976,normal
1.1573737704676468,udp,http,SF,514,685,0,0,0,0,0,1,0,8,7,0.009123840308646727,0.008519452202627927,normal
1.7003664087328798,udp,smtp,SF,473,1134,0,0,0,0,0,0,0,6,2,0.00915977454315007,0.009244616519015684,normal
0.1898014645299792,tcp,http,SF,417,1091,0,0,0,0,0,0,0,1,1,0.0007428182540296924,0.002466116556082543,normal
2.055410842418613,tcp,http,SF,629,960,0,0,0,0,0,0,0,4,4,0.007172831235295138,0.008496031390863436,normal
4.857312707685957,icmp,other,RSTO,6452,140,0,1,0,1,0,0,0,404,329,0.8007055753422472,0.6523856223613089,attack
0.1672137916785722,udp,dns,SF,475,1361,0,0,0,0,0,1,0,2,3,0.004642597553392697,0.009310933517386223,normal
0.0072432998728188935,tcp,smtp,SF,593,1110,0,0,0,0,0,1,0,6,5,0.0019373529815841794,0.001573460143140386,normal
1.5293798179820774,icmp,dns,S0,6741,53,0,0,0,0,7,0,0,408,136,0.9130417563121755,0.6439845635816489,attack
1.341431851657331,udp,http,SF,284,714,0,0,0,0,0,1,0,8,7,0.003682320353188552,0.009432254642631692,normal
0.5085353207075062,tcp,http,SF,451,1300,0,0,0,0,0,1,0,9,8,0.0034045583877226537,0.007917385218362561,normal
1.0625758696919265,udp,ssh,S0,6274,170,0,0,0,0,1,0,0,163,318,0.8888735559519201,0.5887063868259205,attack
0.038021395136246874,tcp,smtp,SF,601,1054,0,0,0,0,0,1,0,9,7,0.009104898457151343,0.0029557594233838437,normal
0.9751145336393372,tcp,http,SF,517,841,0,0,0,0,0,1,0,2,4,0.007411877781282283,0.005680814552821417,normal
0.6550305046849185,udp,http,SF,488,517,0,0,0,0,0,1,0,9,9,0.006114703253629764,0.005068205223086672,normal
0.8854205274538607,udp,dns,SF,578,1019,0,0,0,0,0,0,0,1,7,0.002717931970193734,0.006975131125033589,normal
3.49689835943363,tcp,smtp,SF,331,1124,0,0,0,0,0,1,0,9,8,0.005515755633531005,0.006773940333033175,normal
9.03358176917947,tcp,dns,S0,6161,73,0,1,0,20,4,1,1,293,180,0.8841466112337868,0.8178078974495573,attack
2.2509329900434727,udp,http,SF,437,943,0,0,0,0,0,1,0,5,5,0.003314897600621406,0.0007901088424808967,normal
1.1996551362356564,tcp,dns,SF,520,1279,0,0,0,0,0,1,0,7,4,0.002493862354572226,1.1249541990528967e-05,normal
14.333588794489016,udp,http,S0,3330,149,0,0,0,5,2,0,0,105,330,0.8436621538151539,0.6933971737886145,attack
0.5804873154894657,udp,http,SF,561,1212,0,0,0,0,0,1,0,1,6,0.006374261382549044,0.004277925836608675,normal
3.4333333773753703,udp,http,S0,4375,77,0,0,2,0,0,0,0,125,470,0.9794941594102546,0.5381940664066585,attack
1.334233806430702,udp,dns,SF,451,1074,0,0,0,0,0,1,0,7,2,0.006297358601971621,0.0032180456970007467,normal
2.1311118207010766,tcp,dns,SF,490,1168,0,0,0,0,0,1,0,5,1,0.004866215432480131,0.0020040362695139856,normal
2.219981581338682,tcp,smtp,SF,576,839,0,0,0,0,0,1,0,8,1,0.007058906413155381,0.00475035294515044,normal
0.06251253038756718,tcp,smtp,SF,554,1013,0,0,0,0,0,1,0,5,7,0.002803373489658373,0.006972960366020623,normal
1.5718201386189292,udp,smtp,SF,591,927,0,0,0,0,0,1,0,7,1,0.00362443800615879,0.006694962568999105,normal
0.8125935202556304,udp,dns,SF,298,1227,0,0,0,0,0,1,0,6,5,0.0027787022833839015,0.007902688360450952,normal
1.3322569749237037,udp,smtp,SF,590,989,0,0,0,0,0,1,0,9,8,0.00921928698017118,0.005591592711982192,normal
1.4312761329704837,tcp,smtp,SF,311,950,0,0,0,0,0,0,0,9,9,0.005672939810650176,0.004350481463158552,normal
0.447123133247027,tcp,dns,SF,541,962,0,0,0,0,0,1,0,9,7,0.0031833867147571726,0.009620255782794226,normal
3.2603467878563235,tcp,smtp,SF,504,895,0,0,0,0,0,1,0,7,1,0.0030544647816412984,0.0038965968215134063,normal
0.12491177107745886,udp,http,SF,635,784,0,0,0,0,0,0,0,8,6,0.004787904373308079,0.001220224451995322,normal
0.5668428833221413,tcp,dns,S0,5820,126,0,1,0,20,0,0,0,209,198,0.8689374253982418,0.713582892113944,attack
8.350202019820088,icmp,http,S0,4405,146,0,0,0,1,4,1,0,259,158,0.8000297100766699,0.7070155282330168,attack
9.191988348861209,tcp,other,S0,5413,105,1,3,0,1,2,0,0,218,118,0.6581867031938264,0.5988189741448968,attack
16.43260647480946,icmp,ftp,REJ,4652,46,0,0,0,0,0,0,2,383,321,0.8559741669970414,0.9605605798857331,attack
0.0927231049125945,udp,dns,SF,687,1013,0,0,0,0,0,1,0,8,6,0.0059381298311750085,0.0004321202029218474,normal
7.303794187329025,udp,smtp,SF,493,831,0,0,0,0,0,1,0,1,2,0.000862863711643399,0.00959734677942085,normal
2.352318117240852,udp,dns,SF,675,1043,0,0,0,0,0,1,0,2,8,0.007690852774360716,0.00976417914144817,normal
0.4298735360501476,tcp,http,SF,494,588,0,0,0,0,0,0,0,1,9,0.0035575090464388406,0.00824852654868048,normal
1.36193605193861,udp,http,SF,467,933,0,0,0,0,0,1,0,9,9,0.00013453540196594948,0.0001146617481130241,normal
0.10579983508146537,tcp,http,SF,605,1047,0,0,0,0,0,1,0,7,1,0.0018978350627234508,0.008355235708452525,normal
8.394951502523128,udp,other,S0,3137,222,0,0,0,5,6,0,1,132,235,0.8533286629940231,0.7101201179309171,attack
0.8660719075938702,udp,dns,SF,516,991,0,0,0,0,0,1,0,9,7,0.00632470234064815,0.0006009033762163929,normal
8.470836151581056,icmp,smtp,REJ,6156,44,0,0,0,1,0,0,0,320,275,0.868657890797151,0.9468345019742843,attack
0.3793528752642348,tcp,http,SF,466,930,0,0,0,0,0,1,0,2,7,0.009932408422571006,0.001047238192717862,normal
2.712743680656543,tcp,smtp,SF,505,1200,0,0,0,0,0,0,0,3,2,0.008655444533894215,0.0056547188516662215,normal
0.3191911473538416,udp,smtp,SF,703,638,0,0,0,0,0,1,0,6,6,0.008625757840610992,0.009374006463059166,normal
16.55927862818676,udp,http,REJ,5007,152,1,0,0,5,3,0,0,280,302,0.97588242402074,0.6578294619745988,attack
3.4209768444446977,udp,dns,SF,364,1001,0,0,0,0,0,0,0,8,3,0.004856215394311076,0.007263908427273481,normal
0.6823913639395361,udp,smtp,SF,510,1175,0,0,0,0,0,0,0,1,2,0.0085205997372808,0.005299547829980852,normal
0.6004290579401218,tcp,dns,SF,685,757,0,0,0,0,0,1,0,7,1,0.008642942357573888,0.003041615702783154,normal
3.3031705463571406,tcp,other,RSTO,5125,134,1,0,0,5,1,0,0,208,415,0.7162836760359748,0.5316343684735529,attack
8.116398579797892,tcp,http,S0,3023,58,1,0,0,1,4,1,0,133,285,0.9431200265956909,0.7268501039261642,attack
1.6107439989574095,udp,http,SF,608,924,0,0,0,0,0,1,0,1,7,0.009422312125098184,0.0027418677621883427,normal
0.4298040949470246,udp,dns,SF,524,1263,0,0,0,0,0,1,0,8,7,0.0076994699016324965,0.005051888691262212,normal
0.2530106229726504,tcp,http,SF,434,1015,0,0,0,0,0,1,0,2,1,0.0041291385157602115,0.0019669785037330877,normal
1.8650016986804516,udp,http,SF,269,838,0,0,0,0,0,1,0,6,1,0.00727272455519336,0.007662962467053237,normal
2.428797138060986,udp,dns,SF,413,956,0,0,0,0,0,1,0,9,8,0.008721340462940033,0.0025999923461570407,normal
12.012056421294067,tcp,dns,SF,641,608,0,0,0,0,0,1,0,9,6,0.002981128616222786,0.008681751757657244,normal
5.55808873642807,udp,smtp,REJ,4967,52,0,0,0,0,0,0,0,300,424,0.714277629957722,0.6842949127207916,attack
1.4155126385885177,tcp,dns,SF,483,1001,0,0,0,0,0,1,0,5,4,0.0004787030718176555,0.004335182363080171,normal
1.3154745963159833,tcp,smtp,SF,590,1190,0,0,0,0,0,1,0,8,2,0.0032395587738481293,0.009547244918560665,normal
5.294383811516391,tcp,dns,SF,418,1225,0,0,0,0,0,1,0,9,8,0.006700805293869531,0.0028374576264319417,normal
0.4290856180380539,udp,http,SF,302,1039,0,0,0,0,0,0,0,7,7,0.008822157511403481,0.0021328800049229637,normal
0.4652845279940446,tcp,dns,SF,563,1085,0,0,0,0,0,0,0,4,7,0.004006156366211186,0.0006101469568651918,normal
0.4040925718513092,tcp,http,SF,335,1369,0,0,0,0,0,1,0,6,1,0.0030267171962814164,0.004421145419325668,normal
20.218266685864368,tcp,smtp,SH,6132,183,0,0,0,5,0,0,0,254,413,0.762673189188062,0.6056984038272948,attack
1.204394616138503,udp,smtp,SF,284,989,0,0,0,0,0,1,0,7,2,0.004337713694723061,0.004664038162063205,normal
1.5685025682902423,udp,dns,SF,459,913,0,0,0,0,0,1,0,1,6,0.008052865193598033,0.003103580996116017,normal
1.3705418320649534,tcp,dns,SF,570,1130,0,0,0,0,0,0,0,3,4,0.0032612221167311294,0.005462067324513443,normal
1.2923194948341719,tcp,dns,SF,582,1041,0,0,0,0,0,1,0,2,8,0.00958086161498771,0.006489985223598126,normal
0.9202747736810744,tcp,dns,SF,286,1160,0,0,0,0,0,1,0,1,8,0.0013593133096170907,0.006299696079049629,normal
15.887344787511173,udp,ssh,S0,4727,113,0,0,0,0,8,0,0,274,296,0.9900505848979481,0.6403072254798674,attack
0.7688614173236996,udp,dns,SF,399,1082,0,0,0,0,0,0,0,8,2,0.0030307249303945395,0.008146124229974756,normal
2.851446215942241,tcp,smtp,SF,545,916,0,0,0,0,0,1,0,2,7,0.0026557319171223513,0.00029126561624990497,normal
3.804096699268617,icmp,http,S0,6044,47,0,0,0,1,3,0,0,421,388,0.632233254923425,0.7686533849993589,attack
1.166174985802527,tcp,http,SF,439,817,0,0,0,0,0,1,0,5,7,0.0031232079294723925,0.006197031937888828,normal
3.7513373663079297,tcp,http,SF,517,1122,0,0,0,0,0,1,0,2,1,0.009551536644955016,0.007174516176287067,normal
0.7325254758314528,udp,smtp,SF,612,1374,0,0,0,0,0,1,0,1,1,0.0013270372493282478,0.0064744277007724935,normal
0.6938782534540554,tcp,smtp,SF,548,918,0,0,0,0,0,1,0,1,9,0.009372699270776153,0.000865132694890951,normal
1.1888996435634167,tcp,dns,SF,432,1669,0,0,0,0,0,1,0,3,1,0.004310780947283943,0.005602602788428407,normal
1.5982750047817151,tcp,smtp,SF,534,1180,0,0,0,0,0,1,0,7,4,0.004151422916042443,0.0018218243350954766,normal
0.14911008010363808,udp,dns,SF,589,758,0,0,0,0,0,1,0,5,1,0.007563458397950329,0.004608052091645446,normal
28.221289451488754,icmp,smtp,SH,7142,110,0,0,1,0,2,0,2,138,235,0.6564174761749686,0.7478134583425327,attack
2.404123165575184,udp,dns,SF,558,1203,0,0,0,0,0,1,0,5,2,0.0074808996388078895,0.006377574783265454,normal
42.797523527149,icmp,ftp,RSTO,7175,76,0,3,0,20,0,0,0,438,416,0.784148956756902,0.9980372525097013,attack
2.220195316756734,udp,smtp,SF,675,1119,0,0,0,0,0,1,0,6,6,0.00682803436605265,0.003873747818774087,normal
11.809409208436145,udp,smtp,REJ,4785,62,0,0,0,1,3,0,1,391,108,0.5620981103142912,0.5012193188408385,attack
0.7152785963809626,udp,dns,SF,677,1134,0,0,0,0,0,1,0,8,4,0.00034021019779257976,0.005076424602680013,normal
0.9355613222854366,udp,http,SF,601,1128,0,0,0,0,0,1,0,4,9,0.0050576352566640715,0.0014462426728315302,normal
9.560321181507575,tcp,http,REJ,6686,69,0,1,0,0,4,0,0,207,258,0.9478345698205128,0.6539445424155532,attack
19.373242081318367,udp,other,RSTO,6187,6,0,0,1,0,2,0,1,384,300,0.766703240257524,0.6199917495289233,attack
0.17605063633060936,udp,smtp,SF,525,817,0,0,0,0,0,1,0,8,6,0.00977589803257805,0.004819684070944665,normal
0.2667492735130089,tcp,smtp,SF,577,1009,0,0,0,0,0,0,0,2,3,0.005928875055010362,0.00058877524138228,normal
0.1044061828367987,udp,http,SF,489,1051,0,0,0,0,0,0,0,2,2,0.009049440389293579,0.009367529042267377,normal
5.47679544211941,udp,dns,RSTO,3817,121,0,0,0,1,6,0,0,467,184,0.5331465752823125,0.7360514486633352,attack
0.22237007788625757,udp,smtp,SF,624,884,0,0,0,0,0,0,0,3,5,0.008934397333360145,0.009157682942942103,normal
0.7782571911528944,tcp,http,SF,592,829,0,0,0,0,0,1,0,8,9,0.003947846447850639,0.00862032250267164,normal
11.698180568187036,icmp,http,RSTO,5576,72,0,3,0,0,0,0,0,378,397,0.835657328605953,0.8885525914798813,attack
0.8931458113420636,udp,smtp,SF,603,1201,0,0,0,0,0,0,0,2,2,0.009880294764356543,0.002206014311123684,normal
0.0454114193226471,tcp,smtp,SF,331,1198,0,0,0,0,0,1,0,9,9,0.004572272462284124,0.003966314124882972,normal
1.6384214595529527,udp,smtp,S0,3435,170,0,0,0,20,1,0,1,375,490,0.8180143834070258,0.9925934804338099,attack
0.9986816765092615,tcp,http,SF,494,1254,0,0,0,0,0,1,0,2,2,0.004480213031533346,0.00679227503469293,normal
1.4932724458470152,udp,smtp,SF,533,939,0,0,0,0,0,1,0,7,4,0.006651733325317722,0.0006843965543746223,normal
0.7452594445942506,tcp,ftp,SH,6174,108,0,0,0,0,10,0,1,383,490,0.8344873985285639,0.9974373335688129,attack
0.2668077712666935,udp,http,SF,422,713,0,0,0,0,0,1,0,5,9,0.0030815086551949167,0.004952608496865605,normal
3.580983619555536,udp,ftp,REJ,3561,150,0,0,0,5,5,1,0,361,246,0.7351430853389815,0.9635108356965916,attack
2.3666537055062893,tcp,http,SF,445,867,0,0,0,0,0,1,0,3,5,0.0015038577810818376,0.007261765958796814,normal
0.130394804999253,udp,dns,SF,474,1242,0,0,0,0,0,1,0,9,1,0.00020671249814648962,0.003923275053262501,normal
1.7974109588573501,tcp,http,SF,300,1246,0,0,0,0,0,0,0,2,8,0.005611352633535572,0.005830101585289463,normal
2.18050088652916,udp,http,SF,506,681,0,0,0,0,0,0,0,9,9,0.009295868259190496,0.007625934023493694,normal
1.3053937920782097,tcp,http,SF,527,1098,0,0,0,0,0,1,0,6,1,0.0051662438741568294,0.00118946604306583,normal
4.224548349220028,udp,dns,SF,427,963,0,0,0,0,0,1,0,4,2,0.0007755223720279392,0.002592610879870234,normal
0.32130960917455426,tcp,dns,SF,656,1329,0,0,0,0,0,1,0,1,8,0.004279803052219135,0.004624673312465354,normal
2.0135149486970465,udp,smtp,SF,711,775,0,0,0,0,0,1,0,2,9,0.002014946599945585,0.003323664085125785,normal
